subreddit,title,selftext,upvote_ratio,score,created_utc
stocks,China Vows to ‚ÄòFight to the End‚Äô If US Insists on New Tariffs,"[https://finance.yahoo.com/news/china-vows-fight-end-us-011817316.html](https://finance.yahoo.com/news/china-vows-fight-end-us-011817316.html)

China slammed the US for threatening to raise tariffs and pledged to retaliate if Washington follows through, raising the stakes of the trade war between the world‚Äôs two largest economies.

‚ÄúThe US threat to escalate tariffs on China is a mistake on top of a mistake, which once again exposes the blackmail nature of the US,‚Äù the Chinese Ministry of Commerce said in a Tuesday statement. ‚ÄúIf the US insists on its own way, China will fight to the end.‚Äù

Beijing and Washington are already on track to raise blanket tariffs on each other this week. Trump on Monday added a new threat to put an additional 50% levy on Chinese imports.

US threats and pressure are ‚Äúnot the right way to engage‚Äù with China and the nation will defend its interests, China‚Äôs embassy in Washington said.

‚ÄúThe US hegemonic move in the name of ‚Äòreciprocity‚Äô serves its selfish interests at the expense of other countries‚Äô legitimate interests and puts ‚ÄòAmerica first‚Äô over international rules,‚Äù embassy spokesman Liu Pengyu said in response to a question on the latest US move.

‚ÄúChina will firmly safeguard its legitimate rights and interests,‚Äù he said, without specifying any actions.",0.84,13,1744077025.0
stocks,you reckon is a good moment?,"as the title says, i live in korea and im looking to invest just a tiny amount (5k, i know its smol af). im in for the long term tbh just want to put it in and forget about it. see how it goes and MAYBE invest some more in the future. what do you reckon?",0.6,2,1744072933.0
stocks,It feels like this might be the denial phase. I hope I'm wrong.,"To me it seems like the Trump administration wants to send a knife straight through China. At all costs. To avoid public backlash from delivering a sufficient blow, they need to give the illusion of negotiation and dial the beat of the drum high enough to drown out opposing analysis. Anything less than a concerted, three-dimensional strike will allow China to ""weasel"" away and re-entrench elsewhere by ""cheating"" as is often brought up. (China+1, tax havens)


Whether this will achieve their goals or is beneficial in the end to us investors, is not important right now. So when people bring up the market drops or potential economic fallout as a disastrous, it will be phrased as worthwhile. Our portfolios are no longer a bargaining chip to sway the current plan of action, and are thus up for sacrifice.


Setting aside ""right"" or ""wrong"", is there a thesis for staying in the market? I believe that the administration's actions aren't inept, but are part of a calculated, strategic design, and an unfortunate, albeit intentional, period of market depression is just collateral damage.",0.82,25,1744070637.0
stocks,What is a sign that the plummet is over?,"I had my financial advisor take me out of the stock market mid January. He gave me a cautionary ‚Äòmaking a mistake‚Äô speech. I just had a feeling that this was coming. However, I have no idea how to know when to get back in. I‚Äôm not an avid market follower so I don‚Äôt know what any of the signs are.",0.63,7,1744070176.0
stocks,News eToro and Klarna halt US IPO plans due to market instability,"eToro and Klarna have decided to halt their plans for an Initial Public Offering (IPO) for the US following President Donald Trump‚Äôs tariff announcements. 

Since US President Donald Trump announced additional sweeping tariffs on goods imported from abroad on 2 April 2025, the whole world has been in turmoil, with many regions responding to the move. Even if Trump believes that these tariffs could expand the US economy and encourage consumers to buy more American-made goods, leaders from around the world underlined that his initiative could lead to significant consequences for people globally. Also, according to the [BBC](https://www.bbc.com/news/articles/cn93e12rypgo), South Korean officials stated that the global trade war has now become a reality, while Canadian representatives highlighted the region‚Äôs plans to act with purpose and force. At the same time, worries about a trade war brought stocks down after Trump released the sweeping tariffs plan that could negatively impact the worldwide economy.

Considering the current situation and the high market volatility, many companies seeking a US IPO decided to delay their plans. Among them are Klarna and eToro, as well as Medline and StubHub, with all of them citing market instability as the reason for their choice.

# Klarna and eToro‚Äôs decision to delay US IPO

According to sources familiar with the matter cited by [Reuters](https://www.reuters.com/technology/klarna-pauses-us-ipo-plans-amid-tariff-turmoil-wsj-reports-2025-04-04/), Klarna momentarily put a stop to its arrangements for the US IPO. The move could obscure the recovery of the US IPO market, as Klarna‚Äôs listing was considered a potential stimulus for supporting other companies to take a similar approach. However, as per the same sources, the Swedish fintech could re-examine its plans if market conditions become more stable and favourable. A research analyst from IPOX mentioned that this type of market uncertainty could lead any company, regardless of the sector it operates in, to pause its near-term IPO plans.

Furthermore, eToro, an Israel-based social trading-focused online broker, which filed for a US IPO at the beginning of [February 2025](https://thepaypers.com/cryptocurrencies/etoro-confirms-ipo-filing-with-us-authorities--1272263), also postponed its preparations for the offering. As detailed by [Bloomberg](https://www.bloomberg.com/news/articles/2025-04-04/trump-s-trade-war-hits-billions-of-dollars-of-deals-in-24-hours), the company aimed to start its investor roadshow in the upcoming period. However, with the recent tariffs and market instability, it has stalled it indefinitely.

[Source](https://thepaypers.com/payments-general/etoro-and-klarna-halt-us-ipo-plans-due-to-market-instability--1273028)",0.94,12,1744069584.0
stocks,How can I take advantage of the dip? 22F in university.,"Like it says on the tin, how can I take advantage of the dip? I have about 2.5k liquid and about 8.6k in government I-bonds (but past the 6-month probationary period). I'm in a pretty good position to invest, I have about more than 730 points in my credit score, but I really don't know how to invest. People say to avoid RH and go to Fidelity, but that isn't marked as beginner-friendly from what I hear. I'm familiar with some aspects of the stock market but not familiar with terms or options, and I have ADHD so a lot of the guides I find on the internet make me more confused than knowledgable. 

Are there any guides for people tailored like me? Would Fidelity be a good idea to use even as a beginner? Is there a way I can get a loan from the bank to invest in the dip and pay it back when the market comes back around? All help is appreciated. &lt;3",0.26,0,1744068792.0
stocks,Too late to short or no?,"Basically title with some caveats. Looking for opinions on what to short as well if it‚Äôs still a good time. To give some context, I‚Äôve always played the long game and only invested in three things at the moment. Real state, 401k, and IRA, however, with the current volatility, looking at some options to play with a bit of cash (~200k) TIA",0.36,0,1744068344.0
stocks,Forget Money Markets go with UDN - Inverse Dollar ETF,"If you are sitting out of the market in money market funds, congrats!  You were able to preserve your capital.  However, there is a thesis to Trump devaluing the dollar next and to protect your capital from that, US based money market funds isn‚Äôt going to cut it.

I base this thesis off of Stephen Miran‚Äôs paper [A User‚Äôs Guide to Restructuring the Global Trading System](https://www.hudsonbaycapital.com/documents/FG/hudsonbay/research/638199_A_Users_Guide_to_Restructuring_the_Global_Trading_System.pdf).  In this paper Miran discusses enacting the International Emergency Economic Powers Act, enacting tariffs (at 20%), and devaluing the dollar.  Trump has done steps 1 and 2 so far.  One way that the President can devalue the dollar without Congress is through imposing fees on foreign US Treasury holders.  

But tariffs are supposed to strengthen the dollar!  Even Miran mentions the dollar could go up at the beginning of tariffs.  With restricted imports the trade deficit will be reduced which could raise the dollar however, in the medium term we have other countries placing tariffs on the US, an economic slowdown, and investor uncertainty.  Add to that Trump potentially actively looking to lower the dollar and in the next few months the dollar could be crushed.

USD denominated money markets make about 4% right now.  UDN (the inverse dollar ETF) has already risen 6% YTD.  If the dollar gets seriously devalued though that 4% isn't going to matter much to the world economy and one way to protect your account is to invest in UDN in the next month or so.

Would love to hear your take on this.


",0.5,0,1744068279.0
stocks,Leveraged Bets Dominate Trading in Tariff Rout Like Never Before,"https://www.bloomberg.com/news/articles/2025-04-07/leveraged-bets-dominate-trading-in-tariff-rout-like-never-before

&gt; Late last week, as stocks across the globe lurched lower in the wake of US President Donald Trump‚Äôs tariff blitz, a striking pattern emerged in the $10 trillion US market for exchange-traded funds.

&gt; No fewer than eight of the 13 most-traded ETFs on Friday were funds that use options to offer juiced-up or inverse returns of various indexes or single stocks. In fact, the top four comprised a triple-leveraged bet on semiconductor stocks, an amped-up bullish wager on Tesla Inc., a vehicle promising three times the performance of the Nasdaq 100, and the latter‚Äôs bearish sibling.

&gt; The world‚Äôs biggest and most-liquid ETF, the SPDR S&amp;P 500 ETF Trust, was fifth on the list, even as it lured $9.4 billion in new cash.

&gt; Many of these funds are popular among the retail-trading crowd, with do-it-yourself investors gravitating toward them to take high-conviction bets on all manner of asset classes or single stocks. There were signs last week, amid a widespread market rout, that some were taking the big selloff as dip-buying opportunities.",0.8,3,1744067493.0
stocks,Broadcom to Buy Back $10 Billion in Shares Following Stock Slide,"https://www.bloomberg.com/news/articles/2025-04-07/broadcom-to-buy-back-10-billion-in-shares-following-stock-slide

&gt; Broadcom Inc., a supplier of semiconductors to Apple Inc. and other big tech companies, announced plans to buy back as much as $10 billion in shares, saying it remains confident in the chip industry.

&gt; The board has authorized the repurchase through Dec. 31, Broadcom said in a statement Monday. The announcement sent the company‚Äôs shares up about 3% in late trading.

&gt; The stock had been down 34% this year through the close of regular New York trading, part of a broader tech rout fueled by tariff concerns.

&gt; The buyback ‚Äúreflects the board‚Äôs confidence in the strength of Broadcom‚Äôs diversified semiconductor and infrastructure software product franchises,‚Äù Chief Executive Officer Hock Tan said in the statement. The Palo Alto, California-based company is ‚Äúuniquely positioned‚Äù to help large cloud-computing companies adopt generative artificial intelligence, he said.",0.93,24,1744066703.0
stocks,Apple‚Äôs 3-day loss in market cap swells to almost $640 billion,"While the stock market broadly fared better on Monday than in the prior two trading days,¬†Apple¬†got hammered once again, losing 3.7%, as concerns mounted that the company will take a major hit from President Donald Trump‚Äôs¬†tariffs.

The sell-off brings Apple‚Äôs three-day rout to 19%, a downdraft that has wiped out $638 billion in market cap.

Apple is one of the most exposed companies to a trade war, analyst say, due largely to its reliance on China, which is facing 54% tariffs. Although Apple has production in India, Vietnam and Thailand, those countries also face increased tariffs as part of Trump‚Äôs sweeping plan.

Among tech‚Äôs¬†megacap companies, Apple is having the roughest stretch. On Monday, the only stocks to drop in that group of seven were Apple,¬†Microsoft¬†and¬†Tesla.

The Nasdaq finished almost barely up on Monday after plummeting 10% last week, its worst performance in more than five years.

Analysts say¬†Apple will likely either need to raise prices or eat additional tariff costs when the new duties come into effect. UBS analysts estimated on Monday that Apple‚Äôs highest-end iPhone could rise in price by about $350, or around 30%, from its current price of $1,199.

Barclays analyst Tim Long wrote that he expects Apple to raise prices, or the company could suffer as much as a 15% cut to earnings per share. Apple may also be able to rearrange its supply chain so that imports to the U.S. come from other countries with lower tariffs.

Apple declined to comment on the tariffs.

Source: [Apple's 3-day loss in market cap swells to almost $640 billion](https://www.cnbc.com/2025/04/07/apples-3-day-loss-in-market-cap-swells-to-almost-640-billion.html)",0.98,143,1744064581.0
stocks,"Is the reporting of this rally being caused by ""Fake News"" inaccurate?","Most sources have claimed the flash-rally was due to a fake tweet, and subsequent amplification, about a 90-day tariff pause. However, I'm struggling to find evidence this is the case, and am hoping to get some of your thoughts. The timeline I currently have:

9:45am - Market rally begins

9:53am - Hasset, on Fox news, responds to the question of 'Will you do a 90 day pause' with: ""Yeah... you know, the president is going to decide what the president's going to decide"".

10:00am - S&amp;P locks in at the 5000 resistance level

10:10am - Fast rally into positive territory

10:13am - The claimed triggering tweet that 'Hasset said there will be a 90-day pause' is posted. 

10:17am - The rally peaks, and shortly after multiple stations begin reporting that a flash rally was caused by a ""Fake News"" mistake about a 90-day rally.

If anything, it almost looks like the reporting of ""a 90-day delay is fake news"" seemed to specifically *stop* the rally

Am I missing something in my timeline, perhaps a source before the 10:13 post?",0.86,21,1744064437.0
stocks,I usually look at VIX to find when to buy in. Looks like today is peak?,"Usually vix surge like today doesn't come often I think.
Seems like today's surge at 60 is really high but closed at 47.
47 is still but high but I doubt that it will be higher than 47 tomorrow.

Means sellout like today won't happen tomorrow or this week or near future and today closed with uptrend.
Does this mean today was the bottom and we won't see prices like today any time soon?",0.63,7,1744064064.0
stocks,"Please help me explain to my neighbors how the stock market's serious illness can affect  "" people who do not have stocks "".","My grandparents were destroyed by the depression. In 1928 they had a velvet couch and jewelry and jobs: By 1933 they nearly starved. I live in an area that worships Mr. Trump. I quietly do not. They really just say ignore TV and the TV news. 
   I am the low income, disabled senior in a gentrified small town. All of them like me, and insist I will not lose Social Security, Medicare and Medicaid. I am terrified, and I do not understand how these people can be serene. I also do not know why they feel the stores and banks will be unaffected. Thank You for your reply. ",0.84,171,1744062747.0
stocks,Why selling amidst tariffs may be a bad idea.,"First of all, I'm a zoomer who has just started learning about investing in general, so if my thoughts are incorrect feel free to say it. 

I think, it's unlikely that prices of shares fall more. Not because the economy isn't fucked, or US companies won't have massive losses due to tariffs, but because there's also going to be a lot of inflation. When selling, you aren't only selling a piece of a company, you are also ""buying"" US dollars. If prices increase, the value of those dollars is going to fall, maybe even faster than the value of companies. If the economy becomes more asset based, isn't it better to own a piece of a company than cash? ",0.32,0,1744061792.0
stocks,Chinese Embassy says will not bow to fresh Trump tariff threat,"China says it would not cave to pressure or threats after Trump promised additional 50 percent tariffs on its goods if Beijing did not retract planned countermeasures.

&gt;‚ÄúWe have stressed more than once that pressuring or threatening China is not a right way to engage with us. China will firmly safeguard its legitimate rights and interests,‚Äù Liu Pengyu, spokesman for Beijing‚Äôs embassy in the United States, told AFP.



[https://aje.io/aolp79?update=3628842](https://aje.io/aolp79?update=3628842)",0.99,1709,1744060264.0
stocks,Pure market manipulation.,"So, futures dumped. Pre-market dumps. The market opens and we continue to dump. We all know what's coming. ""Black Monday"". There are no dip buyers because nobody wants to catch a falling knife,  and everyone else is grinning because they are short (me included). THEN out of nowhere, magically there is some ""news"".  Then the market does a huge reversal. Word comes out that it's ""fake news"". The market then shifts back the momentum, but at that point clear direction is lost, algos are confused. Traders are confused, and we just chop around. There is no doubt in my mind that ""fake news"" was put out there on purpose to stop the bleeding. And it worked. I think it was either a desperate move by the Trump Administration or some whale that was long and wanted to not get smoked. ",0.91,1965,1744059940.0
stocks,Stock Market: a reason to be calm.,"Right now the S&amp;P 500 is about where it was in March 2024:

  [https://www.multpl.com/s-p-500-historical-prices](https://www.multpl.com/s-p-500-historical-prices)

The total return (including dividends) since last year is positive. Yet the popular media keeps showing pictures of stock traders who look like they want to puke. I think the media is trying to create a buying opportunity by scaring people, so there can be the usual transfer of wealth from the emotional to the stoic. Stay calm everybody!",0.31,0,1744058823.0
stocks,Earnings per share divided by the last quoted share price ration USEFUL?,"as the tittle suggest, i am asking if anyone would find useful to build a ratio defined as X = EPS/(last price of its stock) to come up with a percentage of how much is the company earning, or how much are you getting in return for per every stock purchase.

basically, i want to bring all stocks to a common ground as some have 22 EPS but their stock is at 515, menawhile one stock has an EPS of 6 and its trading at 42.

  
22 EPS with their stock is at 515 would mean a yield of 4.27%

6 EPS with their stock is at 42 would mean a yield of 14.29%

  
would anyone find this useful?",0.5,0,1744058517.0
stocks,"The fake tweets today proves the market wants to come back, but will the rest of the week bring any more good?","Tariffs go into effect tomorrow. seeing as the refined hopium from some fake tweets kept the market flat today and caused a 7% spy movement on open, I'm thinking its blood tomorrow and even worse after hope for negotiations cools off by the end of the week.  Thoughts?",0.38,0,1744057997.0
stocks,USAR rises nearly 30 percent Monday,"This company has unbelievable potential for growth and will have minimal- even positive impact from the terrifs. 
They have state funding, and have been recently aqquired by Inquisition Point-  a blank cheque company involved in space faring and global banks.

The share value rose to 20 dollars just before the Market crash- sank to 5 dollars and has since seen consistent growth up to near 10 dollars in just over a week. 

Dm or comment and I will send you the HTML file of the acquisition documents (IPXX acquiring USAR)- they are incredibly promising. 

Happy to provide any information or respond to any questions. Just thought I'd share- 
3rd biggest growth on NASDAQ today",0.54,1,1744057663.0
stocks,What percentage of your savings is in stocks right now?,"And why do people put their life savings into stocks? I‚Äôm not talking about 15-30% but the ones here who are claiming to have vested anywhere from 80-100%. 

Now‚Ä¶ I must preface this by saying I‚Äôm in my late 20‚Äôs and kept my head buried in the sand with the market because I feared what I didn‚Äôt yet understand. I still have a lot to learn and am not currently invested, but I‚Äôve been starting to eye the market for the last couple years. 

I‚Äôm not asking this to patronize anyone, this is genuinely based on curiosity and a desire to both learn and understand!

I‚Äôm sure this has been asked to death, but bonus question: they say buy low sell high, but is now really the time to start investing for the long term? 

I technically have one stock with 18-20 shares that I was given by my first company when I was 18. It didn‚Äôt grow very quickly but it‚Äôs definitely grown over the last decade, at least a bit. 

I haven‚Äôt checked since the new year began, but to me, the money i might add to stocks isn‚Äôt to be considered as tangible wealth or anything I include with my net worth. It would be something I‚Äôd put away and keep tabs on but wouldn‚Äôt touch for over a decade if possible. Am I wrong in this thinking?

Before the tariffs and market crashing I planned to invest this year. Now, I‚Äôm not sure what to do. I‚Äôm seeing a lot of posts about people losing their ‚Äúentire life savings‚Äù with the current state of things, but putting all of it into stocks versus some into a HYSA or other assets doesn‚Äôt sound right to me. 

What do you think? Can you share your experience with me?",0.75,10,1744056772.0
stocks,Trump rejects EU‚Äôs ‚Äòzero-for-zero‚Äô tariff offer,"https://www.cnbc.com/2025/04/07/trump-tariffs-live-updates-stock-market-crypto.html

&gt;Trump is rejecting the European Union‚Äôs offer of ‚Äúzero-for-zero‚Äù tariffs with the U.S. for industrial goods.
&gt;
&gt;‚ÄúNo, it‚Äôs not,‚Äù Trump said in the Oval Office when asked if the deal, which European Commission President Ursula von der Leyen floated earlier Monday, was enough.
&gt;
&gt;‚ÄúThey‚Äôre screwing us on trade,‚Äù Trump said, criticizing the EU and the North Atlantic Treaty Organization, or NATO.
&gt;
&gt;Two Republican senators, Mike Lee of Utah and Wisconsin‚Äôs Ron Johnson, have encouraged Trump to take von der Leyen‚Äôs deal.

What's the goal here if they're just gonna reject every deal offered?",0.97,3951,1744056100.0
stocks,Tariffs kick into affect tomorrow. Will the markets tmmr be up or down as a result?,"I know today the markets are churned, rising and falling. But I‚Äôve heard a lot of people say tmmr is the real ‚ÄúD-day‚Äù because of the fact the tariffs actually start tmmr. However it could also be the end of the tariff fall and a start of a recovery as the market already seem to be recovering slightly and today was not as bad as many predicted. So based on what we‚Äôve seen so far do we think tmmr will finally be a Green Day or be the D day?  Basically, is this priced in? 

Edit: mb everyone they take affect on Wednesday April 9th. I thought today was the 8th and have been writing the wrong date all day long ",0.78,87,1744053441.0
stocks,SemiConductor Stocks,"Trump floated in his state of the union that he would repeal the CHIPS act, which provided grants and loans to a variety of US chip manufacturers. This caused a small dip in stocks like $INTC at the time. However, I'm extremely doubtful he'll go through with this.^(1)

The recent tariff talks have made me wondering whether chip and chip-adjacent companies can invest further in U.S. manufacturing. They may suffer by losing a customer base in asia, but the U.S. is still a massive chip market. In fact, Trump recently signed an EO promising $1 Billion in investment in US semiconductors.^(2)

I prefer the smaller players like Micron Technologies $MU and Axcelis Technologies $ACLS. These two have experienced an above market bump so far today.^(3) Anyone else in U.S. semiconductor stocks?

  


1. ""[Trump wants Republicans to 'get rid of' the CHIPS Act. They may just ignore him.](https://www.businessinsider.com/trump-joint-address-chips-act-horrible-bill-2025-3?op=1)""
2. [https://www.eetimes.com/trumps-revamp-of-chips-act-aims-at-big-investments/](https://www.eetimes.com/trumps-revamp-of-chips-act-aims-at-big-investments/)
3. [https://companiesmarketcap.com/semiconductors/largest-semiconductor-companies-by-market-cap/](https://companiesmarketcap.com/semiconductors/largest-semiconductor-companies-by-market-cap/)

",0.33,0,1744052631.0
stocks,Should I empty my retirement accounts?,"30's and in the US. 

I have retirement split between ROTH and 401k, 

I'm not planning to retire for another 30 years. Should I empty my retirement accounts?

Will $10k in taxes and fees be better than staying aboard this sinking ship?",0.42,0,1744052069.0
stocks,Warsaw Stock Exchange halts trading as global markets tumble,"April 7 (Reuters) - Poland's Warsaw Stock Exchange said on Monday it has suspended trading on all markets from 1315 GMT to 1415 GMT due to ""security of trading"".
The Warsaw bourse's blue-chip WIG20 (.WIG20), opens new tab index, which plunged as much as 7% on Monday, was down 2% prior to the suspension, which came about 15 minutes before the start of U.S. trading session.

""The reasoning is very simple: simply due to trading safety. We see what's happening in the world, we saw what happened on Friday."", Warsaw Stock Exchange press office said.
""Today's market opening was also at very significant negatives, then it calmed down, but due to trading safety (...) the session chairman decided on such a step,"" it added.

**Btw, Japan and Taiwan had circuit breakers pop off today. China market down -13%. Are we due for a circuit breaker after China retaliates against Trump's 50% additional tariffs?** ü§î
",0.88,29,1744052035.0
stocks,Shopify CEO says staffers need to prove jobs can't be done by AI before asking for more headcount,"https://www.cnbc.com/2025/04/07/shopify-ceo-prove-ai-cant-do-jobs-before-asking-for-more-headcount.html

&gt; Shopify CEO Tobi Lutke told employees in a memo that they'll have to show jobs can't be done by artificial intelligence before asking for more headcount and resources.

&gt; CEO Tobi Lutke is changing his company's approach to hiring in the age of artificial intelligence.

&gt; Employees will be expected to prove why they ""cannot get what they want done using AI"" before asking for more headcount and resources, Lutke wrote in a memo to staffers that he posted to X on Monday.

&gt; ""What would this area look like if autonomous AI agents were already part of the team?,"" Lutke wrote in the memo, which was sent to employees late last month. ""This question can lead to really fun discussions and projects.""

&gt; Lutke also said there's a ""fundamental expectation"" across Shopify that employees embrace AI in their daily work, saying it has been a ""multiplier"" of productivity for those who have used it.

&gt; ""I've seen many of these people approach implausible tasks, ones we wouldn't even have chosen to tackle before, with reflexive and brilliant usage of AI to get 100X the work done,"" Lutke wrote.",0.73,10,1744051571.0
stocks,"Here's the Actual Trade War Strategy, and how it will likely Unfold","1. Create a sense of urgency by announcing massive ""reciprocal"" tariffs, which act as the anchor for future negotiations.

2. Make an example out of any country that attempts to retaliate(ie China), to show it's not a bluff.

3. As negotiations take place, the US stays firm, trying to get more out of a deal. The US will stand firm and exercise restraint with deals. Why? Because deals will be public, and every other country will expect the same treatment. Therefore, the US has an incentive to stall until they have fielded offers from everyone, and then only announce the most favorable deals first, to set a baseline for expectations.

4. The white house had to reject rumors of considering a 90-day delay, even if true, because it would've killed their leverage. What is far more likely is much shorter delays for select countries that make compelling offers. We saw this a lot with Canada &amp; Mexico months back.

5. The white house knows it is on a timer. Republicans are already starting to break with their party and vote on bipartisan bills to limit the president's tariff authority. Right now this can be vetoed. But if the trade war goes on long enough and does enough damage, and voters lose trust in the president, the senate/house can get the numbers to override the president. But this won't happen until Trump's approval rating drops considerably.

6. Given this urgency, there is likely an intent to backtrack and establish new deals that are more favorable to the US. However, this cannot be communicated publicly, because doing so would be bad for negotiations(other side needs to think the US is content keeping tariffs in place).

So we may see a bit more of a downturn as uncertainty remains, but most likely, either deals will be made, or congress will intervene once things get bad enough. Therefore, panic selling is a bad idea for long term investors.",0.2,0,1744051334.0
stocks,"Your fear is already ""priced in"".","A common mistake beginners make is believing they can outperform the market simply by following the news. This rarely, if ever, works, even on those infrequent occasions when the market appears to move exactly as predicted based on current events.

The crucial concept to grasp is that prevailing market sentiment‚Äîwhether positive or negative‚Äîis typically already ""priced in."" For instance, if you feel pessimistic about the market's prospects, it's highly probable that many others share that view and have already acted upon it by selling their holdings or establishing short positions. Therefore, the decline you might anticipate based on your negative outlook isn't necessarily a future event; that fear and negativity are likely already reflected in the current price levels.

It's often amusing to see comments like, ""It's strange the market is rallying today; based on the news, it shouldn't be."" Individuals holding this perspective are often destined to buy at market peaks. They wait for unambiguously positive news before feeling confident enough to invest, but by that time, prices are often inflated, and the significant opportunity has passed.

This isn't to definitively claim that we've already reached the absolute bottom. However, it highlights a fundamentally flawed strategy: reacting directly to news cycles and herd sentiment. A more effective approach often involves acting contrary to the prevailing crowd behaviour.

Frankly, whether the current market movement is the final bottom or merely a ""dead cat bounce"" (a temporary recovery during a longer-term decline) is somewhat irrelevant to a sound investment strategy. Trying to perfectly time the market is a futile exercise. The most reliable approach is to focus on acquiring assets at prices you deem fundamentally attractive, irrespective of short-term noise or news headlines. Forget trying to trade the news; it's a game that is exceedingly difficult to win consistently. Focus on identifying good value and investing for the longer term.",0.4,0,1744051058.0
stocks,"Which companies will get good earnings regardless of Trump's tariffs, but have been punished too severely?","Someone responded to an earlier post I made in this huge sub. He/she/x said was looking to buy good forward P/E and FCF stocks after getting Q2 and Q3 results. We have to buy before the news comes out though. Which companies you fully believe will withstand the tariffs and have now been punished too severely by the market?   
  
Or is everything calculated by algos and is there no real bargain to be found? ",0.4,0,1744050903.0
stocks,Vietnam‚Äôs zero tariff offer has been rejected by the Trump administration. This offer ‚Äúmeans nothing to us.‚Äù,"White House trade advisor Peter Navarro said Monday that an offer by Vietnam to eliminate tariffs on U.S. imports would not be enough for the administration to lift its new levies announced last week.

""Let's take Vietnam. When they come to us and say 'we'll go to zero tariffs,' that means nothing to us because it's the nontariff cheating that matters,"" Navarro said on CNBC's 

What's the point in negotiating then? So we are going to see market fall to 400? ü§°ü§î",0.97,2237,1744050850.0
stocks,EU Commission proposes 25% tariff on US goods to take effect from May 16th,"BRUSSELS, April 7 (Reuters) - The European Commission proposed counter-tariffs of 25% on a range of U.S. goods on Monday in response to President Donald Trump's tariffs on steel and aluminium, a document seen by Reuters showed.

The tariffs on some goods will come into effect May 16 and others later in the year, on December 1, the document said. The goods are wide- ranging and include diamonds, dental floss, sausages, nuts and soybeans.



https://www.reuters.com/markets/europe/eu-commission-proposes-25-counter-tariffs-some-us-imports-document-shows-2025-04-07/",0.97,676,1744050477.0
stocks,Don't get carried away buying puts.,"Don't get emotional. Don't make bets that you can't cover. 

We're only like 13% down year to date. Don't get too greedy and lose your ass. The market did great under Biden but there were still 3 or 4 major corrections, from December 2021-October 2022 the market dropped 22%.

Some puts are a decent bet right now but don't get drunk on the hype and get a second mortgage on your house or something. The US economy is in a really powerful position because of how well we made out through COVID compared to the rest of the world and other global factors. 

These countries and businesses are going to do whatever makes them the most money and they are not going to have a trade war with the US just to spite Trump. If Trump holds and they crunch the numbers and it makes sense to drop their tarrifs against the US to make more money, they will do it immediately and the market will move substantially in after hours trading and you will get destroyed if you are being reckless with puts. 

Without this bullshit, the market was poised to take off regardless of who's president. This situation could change very quickly. 

Please keep that in mind and don't get lost in the sauce.",0.78,40,1744050221.0
stocks,Is *anything* my financial advisor has been telling me true?,"Should‚Äôve trusted my gut and at least skimmed some off the top in February like I wanted to but every time I call he (70yo white conservative) goes off for a full hour and he talks me out of it. 

His arguments are that the stock market and the government are different. That corporations like Amazon and Apple and Nvidia are *global* and will continue to thrive and increase my portfolio regardless of what happens in the US. ‚ÄúStonks go up to the moon‚Äù in perpetuity because ‚Äúthat‚Äôs the way it‚Äôs always been‚Äù? 

He‚Äôs just blowing smoke up my ass, right? These boomers can‚Äôt fathom that this is different. And this is different, right? ",0.45,0,1744050170.0
stocks,"It's green acres the board for me today, what happened?","I wanted to buy up some more shares on the cheap. I got $18k burning a hole in my cash reserves I want to get it  working. I guess I could still buy, but it's gonna fuck my Sharpe Ratio. What would the smart money do? ",0.77,12,1744049820.0
stocks,Bet against the Market?,"Hello, I am a somewhat new investor in the sense that I have only been investing with real money for slightly less than a year (due to my age). I am rapidly becoming quite familiar with a lot of concepts and jargon and whatnot, but I have a question. If one was to bet against the entire US market, how would they do that as a retail investors? I thought to myself that one would buy VIX, but then I came to the knowledge that you can‚Äôt buy directly VIX, only securities that track the VIX. Would the only other option be to buy put options on the major indices? 

Any and all information is appreciated, thanks! ",0.29,0,1744049494.0
stocks,WSJ explainer on the legality of these tariffs,"This 5 minute video from the Wall Street Journal\* explains how tariffs usually work and what Trump has done differently to get all of these enacted so quickly.

[https://www.wsj.com/video/series/news-explainers/the-legal-logistics-behind-trump-lightning-fast-tariff-process/1BCBC478-DB0A-4693-8976-E1009877804B](https://www.wsj.com/video/series/news-explainers/the-legal-logistics-behind-trump-lightning-fast-tariff-process/1BCBC478-DB0A-4693-8976-E1009877804B)

tl;dw: Normally tariffs go through a lengthy planning and review process, but Trump got around this by calling the overall trade deficit picture a ""national emergency"". This is usually only done to sanction a particular country for some currently emerging reason. The dubious nature of this ""emergency"" may provide legal standing to contest the tariffs.

\* I know some people are going to say they don't like/trust the WSJ. If that's you, apply the ""if even they are saying it, well then.."" maneuver.",0.81,10,1744049228.0
stocks,Are the tarriffs baked in? Is the market actually not reacting enough (and therefore doesn't believe they are a certainty)?,"I'm getting the impression from market news coverage that there is a thought that the tarriffs aren't for certain, that they are a negotiating tactic and that that is reflected in the losses we *haven't* had yet. Curious what you all think?",0.65,7,1744048544.0
stocks,9:43am - what happened,"I was just scanning various stocks today to see how they are this afternoon compared to this morning. I'm noticing that whether a stock is rallying now, every single stock seemed to take its most massive dip at 9:43am. Is this a result of some transaction dump from pre or after market trading? (That does happen doesn't it?) I'm a novice about stocks so feel free to disabuse me of any misconceptions.",0.71,29,1744048117.0
stocks,We have a new Tariff in town,"Oh, here comes Tariff Trump, swinging his economic sledgehammer like a toddler in a china shop! This guy‚Äôs threatening to pile more tariffs on top of the existing ones‚Äîbecause nothing screams ""winning"" like turning a trade war into a full-on economic dumpster fire. 

The markets are already puking up 2,200 points, but Donny Boy‚Äôs like, ‚ÄúHold my Diet Coke, I can make this worse!‚Äù He‚Äôs out here treating global trade like it‚Äôs a reality TV showdown‚Äîslapping Canada and Mexico with a 25% tariff tantrum and eyeballing China for round two. 

Genius move, champ‚Äîlet‚Äôs tank manufacturing, jack up prices, and give farmers another reason to cry into their corn. It‚Äôs like he‚Äôs trying to cosplay as the Great Depression‚Äôs hype man. Keep it up, Don, you‚Äôre roasting the economy so bad even the MAGA hats might start fading!",0.68,18,1744047962.0
stocks,Is a positive trend starting to form?,"Is it just me or is a bullish megaphone top forming...? Cause that wouldn't make ANY sense right...right? 
Surely I am not actually seeing a long term bullish pattern right now.
Please someone correct me.
Nothing makes any sense.",0.54,3,1744047906.0
stocks,Can Trump tariff collapse China like USSR,"Can this Tariff war can collapse china‚Äôs economy and collapse the Chinese government like USSR Russia. If Chinese products are expensive in USA and overproduction and raising unemployment in China, can this be the bigger plan? 
",0.13,0,1744047857.0
stocks,"BlackRock CEO says stocks could extend fall by 20%, economy probably in recession","https://www.reuters.com/markets/us/blackrock-ceo-says-stocks-could-extend-fall-by-20-economy-probably-recession-2025-04-07/

April 7 (Reuters) - BlackRock (BLK.N), opens new tab CEO Larry Fink on Monday said stock markets could extend their decline by 20% as the U.S. imposes steep tariffs, noting the economy is probably already in a recession.
Speaking at the Economic Club of New York, Fink expressed worry that there is much more inflationary pressure than the market expects

How fucked are we realistically? ü§î
",0.97,500,1744047699.0
stocks,AMD in the dip,"I've been a fan of AMD since the mid-90s, when I was a video game hardware compatibility tester just learning about PC hardware and the DX4-100 was a bad-ass and cheap chip compared to Intel's equivalents. I've never bought AMD stock but have considered it a few times, then been distracted and the next time I look the price has shot up. The last time I considered buying them was during the post-pandemic dip. I decided to buy in at $80 but didn't because... distracted. Looks like they may go back down to that level and I'm thinking of buying a few stocks for holding.

But I'm wondering if AMD is still the great chip maker it was back then and all through the early 00s. Forward P/E looks good. I'm wondering if there are any red flags suggesting this may not be a good long-term stock to own.",0.83,4,1744047652.0
stocks,VIX Inverse ETFs?,"I'm curious to hear your thoughts on investing in an inverse VIX ETF. The VIX has increased to COVID and financial crisis levels. The charts indicate the price will change faster than stocks. While there's no such thing as free money, investing in these ETFs seems like a sure thing.

Examples:
SVOL
SVXY
 ",0.8,6,1744047423.0
stocks,Intel's long game is about to pay off,"1. It's a domestic chip manufacturer that has the full support of the current administration. 
2. Most of their factories and within the US, no need to ship their chips into the US and pay tariffs.
3. Any tech company that buys chips is currently evaluating their suppliers, and how tariffs will impact profit margins and looking for new suppliers.
4. New CEO
5. Will likley have a partnership agreement with TSM
6. If China makes a grab for Taiwan, that would make INTC the biggest manufacturer in the world as TSM is still working on factory expansion in the US
7. Guidance and earnings are going up from here. 

I bet their sales team is BUSY. 

What's not to love?
",0.59,7,1744047298.0
stocks,Is there anyway to search for stocks that have historically tracked each other?,"With the major drops in the market, I‚Äôm thinking of harvesting some losses for tax purposes. But I don‚Äôt know that I want to be out of the market. 

I know you can look at industry indexes and different things like that, but was just wondering if there‚Äôs a way to search for stocks that have tracked each other closely even if unrelated. ",0.72,3,1744046647.0
stocks,Holding and buying is the best decision right now?,"Currently I have QQM, VOO, and VXUS about 90% domestic and 10% international. I know it is not diversified enough but at the moment I think it would be best to keep the same strategy and keeping investing while the market is low. Any suggestions?",0.75,8,1744045123.0
stocks,What stocks to invest in?,"Hi everyone,

I‚Äôm new to investing in stocks and currently educating myself on market trends and strategies. Given the recent market downturn, I‚Äôm interested in understanding which sectors or types of stocks might present good entry points for a long-term investor. Any guidance or recommendations would be greatly appreciated.",0.67,5,1744044930.0
stocks,"What does going to ""cash"" mean?","Sorry if this is a dumb question, new here

What does going to cash exactly mean in terms of the stock market? Would it be cashing out like physical cash and holding on to that or keeping it in safer accounts like HYSA or what's the best way to park your money during these times?",0.71,7,1744044293.0
stocks,Is it possible the Tarrif policy is a staged play ?  an Interesting theory for you to consider,"This is my view on the current trade war‚Äîdo you think it makes sense?  
  
1. \*""Fake Fight"" with Canada and Mexico:\* Trump may have created a staged trade dispute with Canada and Mexico (possibly with Carney's involvement) to show other major trading partners that the U.S. means business.    
2. \*Focus on the EU:\* The main goal is to use this tough stance as a way to get a better trade deal with the European Union.    
3. \*Dealing with China Next:\* After securing a deal with the EU, the U.S. can use that success to pressure China into making bigger trade concessions.    
4. \*Rewarding Allies:\* Since Canada and Mexico are close allies, they‚Äôll eventually be compensated with better trade terms after the bigger fights are settled.    
5. \*Boosting Popularity Before Elections:\* Resolving these trade issues is timed to improve Trump's popularity before the midterm elections.    
  
Does this explanation seem believable to you?  
",0.12,0,1744044197.0
stocks,Long term investment question.,"Over the weekend while visiting some family members the discussion of the current market was discussed heavily. 

Besides my standard 401K I have through my employer I never really thought about investments. 

A few family members told me some simple stocks to throw into weekly or monthly would be SPLG and VOO. 

If I started throwing $50 a week into each (total $100) and I have zero plan to touch this money would this be a good idea? Would it make sense to only put money into one instead of both? 

Appreciate any input as I‚Äôm incredibly new to this. Thanks! ",0.5,0,1744043707.0
stocks,"Larry Fink warns about inflation impacts of tariffs, says we're probably in a recession","""Blackrock CEO Larry Fink says he worries that the White House actions are much more inflationary than the market expects. He also said he sees a zero percent chance of four or five Fed rate cuts this year.

He said he sees this as more of a buying opportunity but added ""that doesn't mean we can't fall another 20% from here"".

Fink said the US economy is probably in a recession right now.

Fink is speaking at the Economic Club of New York.""

Source: [https://www.forexlive.com/news/larry-fink-warns-about-inflation-impacts-of-tariffs-20250407/](https://www.forexlive.com/news/larry-fink-warns-about-inflation-impacts-of-tariffs-20250407/)",0.96,179,1744043525.0
stocks,What‚Äôs going on with the US stock market?,"Futures have been dropping. Global stock markets dropped 5-15% today. But the US markets are only down ~1% as of 12 pm. All indicators point to huge drops today. So what‚Äôs going on?

Is someone keeping the market up?",0.64,28,1744042666.0
stocks,Peter Navarro says Vietnam's 0% tariff offer is not enough: 'It's the nontariff cheating that matters',"https://www.cnbc.com/2025/04/07/peter-navarro-says-vietnams-0percent-tariff-offer-is-not-enough-its-the-non-tariff-cheating-that-matters.html

&gt;White House trade advisor Peter Navarro said Monday that an offer by Vietnam to eliminate tariffs on U.S. imports would not be enough for the administration to lift its new levies announced last week.
&gt;
&gt;""Let's take Vietnam. When they come to us and say 'we'll go to zero tariffs,' that means nothing to us because it's the nontariff cheating that matters,"" Navarro said on CNBC's ""Squawk Box.""
&gt;
&gt;The examples of nontariff ""cheating"" cited by Navarro included Chinese products being routed through Vietnam, intellectual property theft and a value-added tax.

Looks like the hopes of deals being made are dashed as of right now",0.97,575,1744042164.0
stocks,Are investors fleeing all capital markets or are they reallocating their capital?,"I'm seeing 0 stocks pumping, bitcoin is red, gold is red. only thing staying neutral are bonds. What are you doing guys? reallocating your investments or just a full retreat of capital?   
I'm thinking of doing some more buying of companies' stocks I believe in that also pay good dividend, but maybe this is a time to turn to bonds? Not retreating any of my capital, just bringing more in now. What to invest it in is my question. Going intern with the values of companies, or going macro safety with bonds or gold. a little bit of ETF sauce of course, because who doesn't want that ALL world (USA 50%...)",0.67,1,1744041920.0
stocks,The reality of what‚Äôs happening.,"It‚Äôs crazy I‚Äôm at an auto shop getting the car done today and I‚Äôm overhearing people talking about the market. This guy in here is saying how it‚Äôs all smart and trump is trying to do a 20% cut on purpose. He was saying we need to bring these manufacturing jobs here, and said yeah we need to make tires here! I‚Äôm not an expert but I‚Äôm fairly sure the US has almost no rubber plantations or manufacturing. 

On top of the other issues like the fact that who the fuck would want to work at a rubber plantation? Then he was saying that hopefully all this manufacturing will be back in the US before the tariffs affect prices! 

He was saying that almost all brake fluid is made in the USA which idk how true that is but sounds false, not to mention it doesn‚Äôt ask the question of where do the plastic containers or aluminum containers it‚Äôs stored in come from? Not to mention the many other auto parts that aren‚Äôt made here and won‚Äôt be made here.

He is a normal mechanic in a swing state, just seeing the opinion of the everyday person shows me how deep people are into this and they will not accept that this isn‚Äôt part of a master plan in their favor. 

I also notice he keeps talking about the ‚Äútrillions‚Äù of dollars that are going to be invested in this country like they would see any of that. It‚Äôs just proof that trump announcing these investments literally works perfectly to placate many. 

My prediction is that the stock market continues to shrink until the tariffs are gone at least and that about half the country will be in denial about it.  ",0.95,4461,1744041773.0
stocks,What stocks are you buying or on your watch list during this bear market,"What equities or industry are you adding your watch list or even buying during this bear market?

I still think software is resilient in a tarrif environment and I am looking to add more AMZN, GOOG, open positions in CRWD. I am also adding VT as a slightly larger portion to hedge ever so slightly against a weak US stock market.

I understand the concerns with the future of these tarrifs and long term impact to US economy, but we are covering those in 1000s of posts across different subreddits, so I wanted a chance to discuss individual stocks or funds to look at. Of course we could be far from the bottom.",0.54,1,1744041658.0
stocks,"EU will target less than ‚Ç¨26 billion worth of U.S. imports, Sefcovic says","[https://finance.yahoo.com/news/eu-target-less-26-billion-152329503.html](https://finance.yahoo.com/news/eu-target-less-26-billion-152329503.html)

LUXEMBOURG (Reuters) - The European Union's countermeasures targeting a list of U.S. imports in response to the Trump's administration steel and aluminum tariffs will be less than 26 billion euros' ($28.46 billion) worth after taking in account member states' remarks, EU trade commissioner Maros Sefcovic told reporters on Monday.

""When it comes to steel, aluminum and derivatives (...) we are talking about 26 billion euros. We are finalizing the list tonight (...) but I can tell you that it will not be up to the level of 26 billion euros, because we've been listening very carefully to our member states,"" he told reporters.

As part of the U.S. administration's sweeping tariffs plan, the 27-nation EU bloc faces 25% import tariffs on steel and aluminium and cars.

""We wanted to make sure that the burden is spread fairly among all member states,"" Sefcovic added.

Earlier in the day, European Commission President Ursula von der Leyen held a call with metals industry representatives on Monday and was due to speak later to the automobile sector about how to respond to U.S. tariffs.

($1 = 0.9137 euros)",0.84,56,1744040068.0
stocks,Roth IRA - 100% VT over 20 Years,"I'll try to make this quick. I'm more of a crypto guy trying to learn about stocks. My goal is to retire in 20 years, 2045 at 60 years old. I already have a 401k through my employer. Recently I created a Roth IRA with Fidelity and have been DCA into VT and my plan is to do so for the next 20 years. I chose VT over VTI/VOO because I am less optimistic about tech and American companies and think international will do just as well if not better over the long-term.

After I bought VT I learned about VFFVX target date funds. But I saw that the fees and minimum investment is quite high to get going. I guess I'm looking to you guys for validation that I haven't made a boneheaded decision going %100 VT with my Roth IRA.

Should I look into Bonds at some point to diversify? Any comments, criticisms, concerns welcome.",0.31,0,1744039500.0
stocks,Trump says China will be hit with an additional 50% tariff on top of existing tariffs if they don't withdraw their 34% retaliatory tariff,"https://www.cnbc.com/2025/04/07/trump-tariffs-live-updates-stock-market-crypto.html

Trump said:

&gt; Yesterday, China issued Retaliatory Tariffs of 34%, on top of their already record setting Tariffs, Non-Monetary Tariffs, Illegal Subsidization of companies, and massive long term Currency Manipulation, despite my warning that any country that Retaliates against the U.S. by issuing additional Tariffs, above and beyond their already existing long term Tariff abuse of our Nation, will be immediately met with new and substantially higher Tariffs, over and above those initially set. Therefore, if China does not withdraw its 34% increase above their already long term trading abuses by tomorrow, April 8th, 2025, the United States will impose ADDITIONAL Tariffs on China of 50%, effective April 9th. Additionally, all talks with China concerning their requested meetings with us will be terminated! Negotiations with other countries, which have also requested meetings, will begin taking place immediately. Thank you for your attention to this matter!",0.95,14538,1744039381.0
stocks,Why is Docusign ($DOCU) not a great buying opportunity? And a little inspiration...,"Before I jump in on a stock, let me first somberly say: Man. Red. So much red. So much pain. So much sadness, anger and worry in the world being reflect on Reddit. I just saw a legit post on a financial/trading sub for a suicide hotline. Wow. I feel you. 

I would just like to offer a little hope from a stoic philosophical mindset and life outlook I adopted from living a life that was largely out my control:

**You cannot control the external events happening around you. You can only control how you react to them.**

None of us can control any of this shit storm right now. Everyone has been betrayed whether they are aware of it or not. And the betrayal started long ago. We are just seeing the symptoms of it more and more as time goes on. Hate towards each other is not the answer nor will it make anything better. The best ""medicine"" you can take is to keep your cool and look out for one another. I don't know what ""medicine"" has been fed to the stock market but the side effect is obviously: ""*may turn red for many days.*"" As the old proverb states: ""*This too shall pass.*"" 

\*I am asking for this post: Can we please chill with the political BS? 

Let's move on to what we can control- our reactions and strategy. With that, why not buy Docusign ($DOCU)? You can't really put tariffs on an electronic agreement company. They aren't dependent on foreign supplied components, raw materials, movement of physical goods, or anything else being disrupted by tariffs. And thankfully, their CEO seems rather smart, sane, and not currently involved in global politics. They are an online based technology company that is globally accessible. From their own website:

""*Docusign is the global leader in electronic signature with more than a billion users in more than 180 countries worldwide.*""

Think about that for a minute. Every country, just about every business, and even a few penguins on the Heard and McDonald Islands are going to be scrambling to make adjustments. What does that mean? Lots of agreements will need to be inked really fast all over the globe. What is the fastest way to do that? Electronically. That is what Docusign does. I expect that Docusign will directly profit from all this chaos that will need to be reorganized by the entire world of business and government. 

My position: I first bought into Docusign after it collapsed post-COVID. I bought more after it dropped when the Bain Capital and Hellman &amp; Friedman acquisition attempt fell through. I'm still up and there is no way I am panic dumping it.

I would like to buy more once the current chaos calms. My questions are this: 

1. Are there any fundamental flaws with this theory that you can see? 
2. Do you think the overall markets will just pull Docusign down with it regardless if they outperform? 
3. If you thinks this makes sense, when would you buy? I get the logic behind all the quips like ""*don't try to catch a falling knife*"" and other similar such sayings. The stock is basically right where it was last November. So, it hasn't really sold off dramatically if you are thinking long and I am not trying to time this perfectly (nor is it possible). 

Keep your chins up. ",0.22,0,1744039322.0
stocks,The Stock market is ready to explode!!,"What we seen an hour ago is a market that is absolutely itching to pump.

8% intraday swing in literal seconds is an example of the upswing we are going to see.  THAT FAST!

30% 40% gains when the news hits.  NVDA to $140.  AMZN to $240.  Meta back to $700.  

In this game, patience will always prevail.  

",0.17,0,1744038906.0
stocks,IS THIS PERMANENT,"Is this crash going to last? Do you think we‚Äôll get a pause on these tariffs sometime soon, will any of it even be effective? Just gonna keep holding and holding as I‚Äôm not knowledgeable enough to do anything else. This dude said he was gonna fix the economy and now all I see is red‚Ä¶.

Do people think these tariffs will actually have the proposed outcome? These countries need our business so there has to be an outcome inevitably, but how much of a bad rep do we need.  

edit to be simpler",0.35,0,1744037992.0
stocks,Great way to deflate the bubble of everything,"Let‚Äôs play a mental simulation game while the markets burn guys (what else do you have to do?)

All of the things that‚Äôve happened over the past couple months of the Trump presidency seem to make logical sense if you look at the markets from a perspective of centralized control (FED+massive collusion).

Think about it: nothing Trump‚Äôs done really flies in the face of US economic policy over the past 60 years since the start of the Cold War and US economic imperialism. Bretton Woods, fiat currency, IMF - all these things served the US. If the plan (and yes there was a plan according to declassified documents from the Kissinger era) was to create dependency on the US dollar and massive public debt, the end game was inescapable inflation worldwide - which would in the short term drive demand for the US dollar and cause massive value inflows into the US as world markets crashed. The US dollar would inflate last, but it would be beside the point because the US has the largest gold reserves in the world. It would also create a massive buying opportunity for US firms sitting on cash (in the short term). 

Cash is valueless - the end objective is OWNERSHIP of assets worldwide. Towards this end, the plan seems to be working perfectly. However, certain things have not gone to plan - BRICS, Bitcoin, and the general apathy of the American public‚Äôs nationalism seem to have had a weakening effect on the plan. The plan doesn‚Äôt seem as smart as it did 60 years ago.

What if Trump is the planned scapegoat for the deleveraging of inflated markets? If he acts as the lightning rod, markets could potentially be stabilized to sane valuations for at least a couple years, no? The end result of his actions will be his impeachment - there‚Äôs too much money being ‚Äòlost‚Äô (remember, it doesn‚Äôt exist in the market - it‚Äôs just perceived value because the amount of currency circulating doesn‚Äôt change).

What are your guys thoughts on this? ",0.13,0,1744037988.0
stocks,2045: S&amp;P500 is back to its all time high of 6144.,"
It‚Äôs 2045.
The S&amp;P 500 just touched 6144 again.
We made it back, boys.

But the world is different now.

The great crash of 2025 wiped out $17 trillion in market cap. Retirements evaporated. Boomers un-retired. Everyone works now. Forever. Because hey, we brought all the manufacturing jobs back!!!!!! 

U.S. brought manufacturing back. Steel, semiconductors, textiles‚Äîhell, even toasters are ‚ÄúMade in America‚Äù again.

But they cost four times as much. Inflation never really went away. Interest rates stayed high for years to ‚Äútame inflation‚Äù but all it did was tame hope. BRRRR machine stopped working after they ran out of printer inks made in China. 

Mortgage rates are still above 8%.
401(k)s are flat. American dream now: never retire, never die, keep the GDP alive.

But hey, we made it back!!!! 

EDIT: why so serious comments?? Relax folks, it‚Äôs meant as a satire, apparently not taken well‚Ä¶ ",0.45,0,1744037761.0
stocks,"Dow falls 1,000 points in wild session as Trump tariff market collapse continues: Live updates","U.S. stocks were slammed for a third day on Monday as the White House remained defiant even after President Donald Trump‚Äôs rollout of shockingly high tariff rates on most key U.S. trading partners has caused a market meltdown.

Stocks mounted a short-lived rally shortly after the open that took the Dow Jones Industrial average into positive territory. Speculation of some sort of tariff pause circulated on trading floors and social media and may have contributed to the pop. The White House told CNBC that any talk of a 90-day pause was ‚Äúfake news.‚Äù


https://www.cnbc.com/2025/04/06/stock-market-today-live-updates.html",0.94,744,1744037389.0
stocks,Has anyone here worked on the algorithms that financial institutions use to trade? How is it possible that the S&amp;P 500 went from -2% to +3%?,"The news was that Trump allegedly was talking about a tarrif pause for 90 days. The S&amp;P 500 skyrockets in a few minutes microseconds after this news is announced.

Are there any people in the industry here who have first hand experience coding these ""mythical"" algorithms that everyone talks about? How can they know the news so quickly. Is there any evidence it is caused by these algorithms?",0.89,204,1744036635.0
stocks,Good reading material?,"I dabbled with trading back in 2021-23, mostly just bought and held some etfs, but also did some credit and debt spreads with options. I've forgotten a lot of what I taught myself from then. Looking for some recommendations on good reading material, whether it be books or something online.

Thanks!",0.81,3,1744036546.0
stocks,There are a lot of dumb people posting here.,"Took me a while to realize, but this market drop made a lot of dummies come out and claim this particular time, the world is ending. It's been three years since the last market drop, guys. Not three hundred years, just three years. Calm the f*ck down.",0.47,0,1744036478.0
stocks,"Getting back into investing to take advantage of this dip, any good videos to watch as a refresher. Also what are you guys buying.","Hello everyone. Been out of the market other than the occasional DCA when I had extra money. Mostly blue chips and some other smaller companies I had faith in. With a new job and the big dip that‚Äôs been on going, I‚Äôd feel dumb to not invest more and get some better strategies, maybe get into options. Any pointers would be greatly appreciated!",0.29,0,1744035532.0
stocks,Broker limits Vanguard 500 transactions,"I'm a professor, so my 503b is with TIAA. I went into bonds/MM a month ago.

Out of curiosity, I looked to see if I could even start buying into Vanguard 500 index fund. TIAA has stopped transactions for this fund until 4/28! Whatever that means, it can't be good. Low liquidity? They are shorting SPY? No idea.

What are they doing?

EDIT: to be clear, TIAA is allowing transactions on other funds, so maybe this is a Vanguard thing or TIAA's decision for just this fund (because everyone is now trying to get out)?",0.78,10,1744035394.0
stocks,"Don't sell, it will go up","It comes back strong as expected after the fall.

Above all, do not liquidate your positions, do not make a call, just let the markets rise.

It will come back up quickly.

There is a lot of exaggeration in this situation, Trump is going to put water in his (French) wine.


The best days come right after the worst: stay exposed to the market.",0.36,0,1744035175.0
stocks,What are your picks for this week?,"Since most of the sub is panicking from a 1 yr low I thought I would ask what everyone else is buying this week. I'm looking for actual discussion among those DCA'ing into the volatility and not just those here for the drama or bottom chasers.

For me, buying into VGT, some chip or fab stocks like LRCX, and some large consulting and GovGon stocks. ",0.67,1,1744035173.0
stocks,We‚Äôre in a crash‚Ä¶ how fast will the recovery will be?,"When it comes to crashes how fast the recovery is matters just as much as the crash itself.

With COVID the recovery was 4 months. No biggie.

With the Great Recession it took almost 4 years. Not great but ok.

With the Great Depression it took 22 years (!) to reach the same levels. This really wrecked people.",0.72,178,1744034341.0
stocks,Is this a good time to get rid of some losers?,"I‚Äôm down to being up only 2% on my entire portfolio after being up 40%. Is now a good time to sell everything and hold on to the cash, then rebuy the better performing stocks that were in my portfolio later?",0.4,0,1744034119.0
stocks,Pay attention to after-hours and the VIX,"Billionaires/hedges make most of their moves in after-hours when retail hands are tied. Last night was down 4.5% at one point.. they all dumped before retail could and gobbled up that retail money/trillions the government printed during covid (last 3 sell-off days)...

VIX 70-90 might be a signal of a bottom. And potentially a good buy opportunity

VIX just went above 50. Not close to 70 yet
 ",0.67,13,1744033902.0
stocks,WARNING: The AI Party Might Be Over - Especially After This 20% Market Crash,"Let's have a serious conversation about Artificial Intelligence and the current state of the market. Over the past couple of years, AI has been the undisputed darling, fueling massive gains in countless stocks, often with little more than an ""AI"" tag attached. We've seen valuations reach dizzying heights, driven by excitement and the fear of missing out on the next big thing.

However, the market has just delivered a brutal wake-up call. In the past few days, we've witnessed a significant 20% crash across major indices. This sudden and sharp downturn throws a glaring spotlight on the unsustainability of many inflated asset prices, and I believe the AI sector is particularly vulnerable to a painful reckoning.
Here's why this 20% market drop could be the pin that bursts the AI bubble:

 * Exposed Overvaluations: Many AI companies, especially those without substantial revenue or proven profitability, were trading at premiums based purely on future potential. This 20% market correction forces a rapid reassessment of risk. Investors are now far less willing to pay exorbitant prices for future promises, and AI stocks with weak fundamentals will likely be the first to suffer a severe correction.

   * Think about it: That small AI startup with a groundbreaking-sounding algorithm but no actual sales? Their sky-high valuation just became incredibly difficult to justify in a market that has suddenly shed 20% of its value.

 * Shift to Safety and Fundamentals: In times of market turmoil, investors tend to flock to safer assets and companies with proven earnings and strong balance sheets. The speculative nature of many AI investments makes them prime candidates for a sell-off as investors prioritize capital preservation over high-risk, high-reward bets.

   * Consider: Why would an investor hold onto an unproven AI stock with a questionable path to profitability when they can invest in established, profitable companies that have also become cheaper due to the broader market decline?

 * Liquidity Concerns and Margin Calls: A 20% market crash can trigger margin calls and force investors to liquidate their holdings to cover losses. Highly leveraged positions in volatile sectors like AI could be particularly at risk, leading to a cascading effect of selling pressure.

 * The ""AI Narrative"" Loses Its Grip: The powerful narrative of AI as a guaranteed path to endless growth is being challenged by the harsh reality of a falling market. Investors are likely to become more critical and demand concrete results rather than simply buying into the hype. Disappointing earnings or slower-than-expected adoption of AI technologies will be punished severely.

 * Increased Scrutiny and Regulation: A market downturn often leads to increased scrutiny of high-growth sectors. Regulators might become more concerned about potential asset bubbles and take a closer look at the AI industry, potentially introducing measures that could further dampen investor enthusiasm.
What should you be doing right now?

 * Take Immediate Stock: Review your portfolio and identify your exposure to AI-related stocks. Understand the underlying fundamentals of these companies ‚Äì are they actually generating significant revenue and profit, or are they primarily riding the AI wave?

 * De-Risk Aggressively: If you have significant gains in AI stocks, consider taking profits off the table. Reduce your exposure to highly speculative AI companies, especially those with stretched valuations.

 * Focus on Quality and Value: Shift your focus towards companies with strong fundamentals, proven business models, and reasonable valuations. The broader market sell-off might present opportunities in more stable sectors.

 * Prepare for Further Volatility: A 20% market drop can be just the beginning of a larger correction. Be prepared for continued volatility and potential further declines in high-growth sectors like AI.

 * Don't Buy the Dip Blindly: Be extremely cautious about ""buying the dip"" in AI stocks without a clear understanding of their long-term value and resilience in a potentially challenging economic environment.

This 20% market crash isn't just noise; it's a potential inflection point. The easy money fueled by AI hype might be gone, and the market is now demanding tangible results. If you're heavily invested in AI without a strong fundamental basis, now is the time to seriously reconsider your strategy before the potential bubble fully deflates.

What are your thoughts? How is this market downturn impacting your view on AI investments?

Disclaimer: I am just an internet user sharing my opinion and this is not financial advice. Please do your own research before making any investment decisions.
",0.5,0,1744032102.0
stocks,I‚Äôm Lost on Investing‚ÄîHow Do I Make the Most of My Accounts?,"
I‚Äôm recently started my corporate job, and I feel completely lost when it comes to investing and maximizing my financial accounts. I‚Äôve set up a few, but I‚Äôm not sure if I‚Äôm using them correctly or what I should be investing in.

Here‚Äôs what I have:
	‚Ä¢	Roth IRA ‚Äì Just opened it, but I have no idea what to invest in or how it really works.
	‚Ä¢	401(k) ‚Äì I contribute, but I haven‚Äôt been monitoring the auto-investments.
	‚Ä¢	HSA ‚Äì Opened it but don‚Äôt know how to use it for investments.
	‚Ä¢	HYSA ‚Äì Just sitting there, not sure if I should be doing more with it.
	‚Ä¢	Regular Investment Trading Account ‚Äì Haven‚Äôt done much with it yet.

My main questions:
	1.	How do I make the most of all these accounts?
	2.	Where should I actually be investing? Or resources to help me?
	3.	Are there any beginner-friendly strategies to follow?
      4. Is there anything I should do differently due to the new tariff policies?

I‚Äôve never done this before, so any guidance would be greatly appreciated! ",0.69,5,1744031827.0
stocks,"EU ready to negotiate tariffs with US, sets up import task force","The European Union (EU), under the leadership of Commission Chief Ursula von der Leyen, has expressed its readiness to negotiate with the United States on the subject of tariffs. Von der Leyen, who made these comments in Brussels, has stated that the current US tariffs are having a significant impact on developing countries.

In addition to the willingness to negotiate, the EU has also announced the establishment of an import surveillance task force.
The EU‚Äôs readiness to engage in negotiations with the US represents a significant step in addressing these issues. The establishment of the import surveillance task force also demonstrates the EU‚Äôs commitment to monitor and manage its trade relationships beyond the United States.


",0.78,39,1744031710.0
stocks,"Berkshire Hathaway shrugs off Trump tariff selloff, up 9.41% YTD, adding $87.81B in investor wealth in 2025.","https://www.benzinga.com/25/04/44665484/warren-buffetts-berkshire-hathaway-outpaces-sp-500-adds-8781-billion-in-investor-wealth-in-2025

Warren Buffett‚Äòs Berkshire Hathaway Inc. (BRK)
has outperformed the losses in the S&amp;P 500, while the ‚ÄòOracle of Omaha‚Äô has emerged as the only top 10 billionaire to see a net worth gain on a year-to-date basis in 2025.

Shares of Berkshire Hathaway‚Äôs class B shares have risen by 9.41% in 2025, being one of the only few S&amp;P 500 components that are still in the green amid the ongoing market selloff. The S&amp;P 500 index, on the other hand, has fallen 13.54% on a year-to-date basis.

While there has been a flurry of speculations over the company‚Äôs cash pile, having the liquid form of dollars has helped the company avert losses amid President Donald Trump‚Äòs tariff-fueled crash on Wall Street.

Berkshire Hathaway‚Äôs cash and cash equivalents totaled a record $334.2 billion as of the end of the fourth quarter of 2024.

The firm has also added $87.81 billion in investor wealth in 2025 as its market capitalization has risen from $978.19 billion as of Dec. 31, 2024, to $1,066 billion as of Friday, April 4.

Buffett is also among the only one of the top 10 billionaires, according to Bloomberg‚Äôs Billionaire Index, to witness a net worth gain of $12.7 billion in 2025.",0.97,377,1744030739.0
stocks,I'm foreign investor and feeling this time is different :(,"I'm non American investor and this downturn really scares me.

In the past, every time the market dropped, people would say, ‚ÄúThis time is different‚Äù and panic. But eventually, the market recovered and climbed higher. I experienced Covid and 2022 inflation. 

But this time, what Trump is doing feels like he‚Äôs trying to dismantle the entire free trade system itself‚Äîand that really frightens me. 

Normal investors believe in the long-term upward trend of the S&amp;P 500 and invest in U.S. stocks with that faith. But now I‚Äôm starting to wonder‚Äîwhat if that fundamental assumption no longer holds?


How are people in the U.S. viewing this market downturn caused by Trump?",0.81,405,1744030701.0
stocks,Portfolio Reporting,"Hi, I'm looking for a tool to create PDF reports for a portfolio. I just need to save the holdings with their values ‚Äã‚Äãand earnings and key information as PDFs‚Äînothing fancy. Is there a free tool to do this? I have used sharesight.",0.75,2,1744030172.0
stocks,Warren Buffet holding a $300 Billion cash pile,Uncle buffet has been holding his largest ever cash position as he felt the market was overvalued. He along with other institutional investors will start buying the dip soon. When they do there will be a huge influx of buyers entering the stock market all at once. This market pullback will easily be bought up and the crash everyone is discussing will be forgotten. The question is if retail investors will have had time to buy this dip or not https://finance.yahoo.com/news/warren-buffett-defended-his-massive-300-billion-cash-pile-in-february-now-he-doesnt-have-to-174312496.html,0.62,16,1744030074.0
stocks,US debt owed by foreign countries,"I'm interested in hearing people's thoughts on foreign countries decision to sell their US treasury positions.

I assume the implication is this would hurt our ability to raise funds and put an intense amount of pressure on our borrowing costs.

",0.43,0,1744029781.0
stocks,"Just over an hour left until the markets open, final predictions...","What are your final predictions about what will happen when the American markets open for trading in an hour?

On one hand, the futures market is in the red and there's a panic in the European and Asian markets. Presumably, American investors will be left jittery from reading the news and might rush in and try to sell at the earliest opportunity. The worst case scenario would be another Black Monday.

On the other hand, the weekend may have calmed some of the panic amongst investors, so they might try to rideout the storm. There are also some investors trying to ""buy the dip"" and get in on the opportunity, which would put upward pressure on the markets. 

On balance, I am thinking there will be at least a few more days of pandemonium in the markets. But it has to bottom out eventually.

Update: 5 minutes in and the market has opened with an immediate plunge.",0.83,96,1744029458.0
stocks,Who‚Äôs buying in this market?,"The title is not a personal question. Every stock transaction has a buyer and a seller involved. With panic in the market there are far more sellers trying to dump their stocks. 

So who are the buyers on the other end of these transactions if very few people are buying?

People keep talking about trillions wiped out of the market. It didn‚Äôt evaporate. Someone gained money and someone last money.  The money is still out there, just not in the market. When all this nonsense does end folks are going to enter the market again and they‚Äôll be some buying opportunities. Question is when is that?",0.72,22,1744028392.0
stocks,How Does Buying the Dip Change if/when Fascism is Involved? (Genuine Question Please Don‚Äôt Mindlessly Delete This Post),When motivations in a country change as a result of fascism in particular are there any thoughts or knowledge on what types of stocks are smarter to invest in at a dip? Consider this a hypothetical if authoritarianism/fascism is not on your radar. Would this type of change just be another typical unpredictable market or does it actually make it more predictable? The question can probably be taken in multiple directions and is meant to be open ended. People who understand stocks better than me- how would this factor into your thinking? Thank you!,0.46,0,1744025966.0
stocks,Do you think the US will always still keep rising irregardless due to too many retail investors now being hardcoded into just DCA-ing?,"From what I see around me, that seems like the very popular and common mindset these days. I'm not from the US but here in my country people dont seem to care if the US stock market tanks or not. The Dow could fall by 90% for all I know and these people would still convince themselves positively it's a great bargain/discount to buy more. To them, the US market can never falter no more what. No matter what and how economically damaging of anything Trump does. They believe 80 years of proven history of an ever increasing stock market will continue perpetually forever or something.

I think that's also why the market got overheated post Covid crash. This was also the time during lockdown tons of people became invested into stocks. So the market became flushed with cash from the retail investors blindly DCA-ing nonstop. So no matter what, these growing number of casual investors will just keep throwing money non-stop at the stock market. The US could crash completely to the ground and these people would still think it's temporary and they'll benefit greatly from it.

",0.33,0,1744023549.0
stocks,is now a good time to invest for long term or would it be better to wait till things potentially balance out?,"New to stock market, I have some savings that I have been sitting on for a while and have wanted to move them into a stock portfolio for a while now, I figured now might be a good time to buy the dip but I am worried things are only going to get worse, anyone have any advice on what to do?

Thanks",0.5,0,1744022644.0
stocks,"This is a good (or bad) time to remind everyone that to make up a -50% loss, you need +100% to break even.","When dealing with indices, because of how stable they have been, to break even, the amount gain required is typically the same as the amount loss, i.e. a 2% loss typically requires a 2% gain to break even, and even in a bad scenario, a 10% loss still only requires an 11% gain to break even. But anyone who deals with more volatile markets knows that a 33% loss requires 50% gain, a 50% loss requires a 100% gain, and a 67% loss requires a 200% gain to break even. 

Given how big the drops in market indices are, this is a good (and bad) time to remind those who only deal with indices/DCA that the % in gains has to be larger than the % in losses if you wish to break even.",0.87,840,1744022505.0
stocks,DCA verse Cash,"I am a bit confused with everyone saying to DCA right now, why not sell and buy in at a lower price? Sorry if this is a stupid question and I know timing the market is always not suggested but if I truly believe the market will continue to dip, wouldn‚Äôt it be smart for me to pull money out, hold it in cash and then buy at a lower price?

Please feel free to just call me an idiot if I am missing something obvious‚Ä¶",0.5,0,1744019373.0
stocks,"So, what are we all buying today?","So much for the markets pricing tariffs in...

Markets tanking. VIX pushing 50+. Futures bleeding red. Headlines comparing this to the Great Depression. Trump just slapped the global economy with a 20% tariff sledgehammer and said ‚Äúsometimes you have to take medicine‚Äù while flying over it all on Air Force One.

So‚Ä¶ what are we buying?

* VIX calls?
* SQQQ/UVXY for the chaos riders?
* Oil? Gold?
* Or are we catching falling knives like AAPL, NVDA, or SPY and going long into the void?

Let‚Äôs hear it. What‚Äôs the play? Who‚Äôs hedging, who‚Äôs buying the dip, and who‚Äôs just watching it burn with popcorn? ",0.76,15,1744018543.0
stocks,"r/Stocks Daily Discussion Monday - Apr 07, 2025","These daily discussions run from Monday to Friday including during our themed posts.

Some helpful links:

* [Finviz](https://finviz.com/quote.ashx?t=spy) for charts, fundamentals, and aggregated news on individual stocks
* [Bloomberg market news](https://www.bloomberg.com/markets)
* StreetInsider news:
  * [Market Check](https://www.streetinsider.com/Market+Check) - Possibly why the market is doing what it's doing including sudden spikes/dips
  * [Reuters aggregated](https://www.streetinsider.com/Reuters) - Global news

If you have a basic question, for example ""what is EPS,"" then google ""investopedia EPS"" and click the investopedia article on it; do this for everything until you have a more in depth question or just want to share what you learned.

Please discuss your portfolios in the [Rate My Portfolio sticky.](https://www.reddit.com/r/stocks/search?q=author%3Aautomoderator+title%3A%22Rate+My+Portfolio%22&amp;restrict_sr=on&amp;sort=new&amp;t=all).

See our past [daily discussions here.](https://www.reddit.com/r/stocks/search?q=author%3Aautomoderator+%22r%2Fstocks+daily+discussion%22&amp;restrict_sr=on&amp;sort=new&amp;t=all)  Also links for:  [Technicals](https://www.reddit.com/r/stocks/search?q=author%3Aautomoderator+title%3Atechnicals&amp;restrict_sr=on&amp;include_over_18=on&amp;sort=new&amp;t=all) Tuesday, [Options Trading](https://www.reddit.com/r/stocks/search?q=author%3Aautomoderator+title%3Aoptions&amp;restrict_sr=on&amp;include_over_18=on&amp;sort=new&amp;t=all) Thursday, and [Fundamentals](https://www.reddit.com/r/stocks/search?q=author%3Aautomoderator+title%3Afundamentals&amp;restrict_sr=on&amp;include_over_18=on&amp;sort=new&amp;t=all) Friday.",0.94,58,1744018233.0
stocks,"The SPY ETF is approaching a very strong support level, which could potentially be reached as early as today","The SPY ETF is approaching a very strong support level, which could potentially be reached as early as today.

While this might not be the ultimate bottom, a sharp technical rebound from this area is highly probable. Therefore, in moments like these, it's crucial to set aside reasoning and emotions and act mechanically. Anyone unable to do this risks missing a significant opportunity.

You could potentially just trade the bounce and then sell, but I strongly advise against both shorting the market and staying completely inactive.

The market seems to be pricing in the worst-possible scenario already. If you wait to enter until the situation has fully resolved, you will likely be too late ‚Äì remember that the market is highly forward-looking and anticipates events well in advance.

The key support zone for SPY starts around $475 and extends down to $458. It would be advisable to consider initiating at least a partial long position within this zone.

I want to stress that while the probability is high, it's never a certainty. Therefore, going 'all in' would still be a mistake.

In summary: from a statistical perspective, the most prudent course of action upon reaching this support level is to buy.",0.31,0,1744017592.0
stocks,Price fluctuation of SGOV?,"Im looking at the price of sgov pre market, and its down a bit from the close on friday, I just put my money in SGOV but worried that it can go down like how it was down in 2020-2022. Honestly it doesn't make sense to me that that price was lower during that time, shouldn't it have been higher? Aren't yields and prices inversely related? But should I be worried that the price can drop again to \~100.01 again and should I be selling them? or is it just a normal daily fluctuation and will go back up to \~100.64 again?",0.75,4,1744016465.0
stocks,"Hedge funds capitulate, investors brace for margin calls in market rout","https://www.reuters.com/markets/wealth/global-markets-tariffs-margincalls-pix-2025-04-07/

**Some hedge funds offload all stocks as selloff widens**

**Prime brokers say leverage falling, more selling coming**

**Sales triggered by margin calls rise in South Korea**

Some hedge funds say they are offloading all or most of their holdings of stocks as U.S. President Donald Trump's trade war wipes out trillions of dollars of market value and forces them to curtail trading using borrowed cash.
In the three trading days following Trump's announcement of broad reciprocal tariffs on almost all countries, stock markets across the world have plummeted, and bonds have become both a haven and a bet on rate cuts by the Federal Reserve, turning on their head market assumptions before Trump took office.

""The macro picture is getting very chaotic, and I cannot see the future clearly at all,"" said Xin, who sold his China and Hong Kong-listed shares last Thursday, ahead of a public holiday on Friday.
Hedge funds that pursue a long-short equity strategy have been particularly hard-hit as market volatility metrics (.VIX), opens new tab surged, brokers said.
Analysts at J.P.Morgan estimated net leverage, which refers to borrowing, by hedge funds fell between 5% and 6% last week over the previous one, and that net hedge fund leverage could be around the lowest since late 2023.",0.96,66,1744016111.0
stocks,Is it a bad time to invest?,"I‚Äôve thought about investing my money into stocks for quite a long bit everyone knows what‚Äôs happening right now with the stocks market.
I thought that it is not the right time to invest but I had a second thought, what if it is the best time to invest (because the stock market is low) and will the stocks get up when Trump stops playing with economy?
Am I wrong for wanting to invest at that time?",0.56,2,1744015949.0
stocks,Why does Trump want to balance the trade deficits to zero?,"Obviously the stock market is falling and this is due to tariffs that are backed by math that look like they were scribbled on a napkin at 3am at a Dennys. But his rationale is that he wants to balance the trade deficits eg. Imports should == exports.

Does anyone have any clue why his goal is to balance trade deficits?  I really don't understand why he thinks trade deficits are something negative. After all, I have a trade deficits with my employer. They pay me more than I spend at their company. I have a trade deficit with my local grocery store. I buy more than they pay me.

Every economic collapse in the past has had some explanation, like the the pandemic or overleveraged banks and housing crises, etc. But this generational market collapse is just because some 82 yo thinks trade deficits are 'unfair'.

Honestly wondering if anyone anywhere has any explanation. I'm not looking forward to losing a tech job to build Huawei phones to export to China for 3.75/hr.",0.67,21,1744015948.0
